Company Name,Website,Email,Phone,Services,Tech Stack,Social Links,Address
,,,,,"React, Vue.js, Next.js, Tailwind CSS, Node.js, Laravel, Google Analytics, Apache, Webpack",,
,,,,,"React, Vue.js, Next.js, jQuery, Bootstrap, Node.js, PHP, Laravel, Google Analytics, Facebook Pixel, Nginx, Apache, Webpack, Vite",,
,,,,,"WordPress, React, Angular, Nuxt, jQuery, Bootstrap, Node.js, PHP, Laravel, Google Analytics, Cloudflare",,
,,,,,"React, Angular, Vue.js, Next.js, Nuxt, jQuery, Bootstrap, Tailwind CSS, Node.js, PHP, Laravel, Cloudflare, Webpack",,
,,,,,"React, Next.js, Tailwind CSS, Node.js, Stripe, TypeScript, Webpack",,
,,,,,"React, Angular, jQuery, Bootstrap, Node.js, PHP, Laravel, Google Analytics",,
,,,,,"React, Angular, Vue.js, Next.js, jQuery, Bootstrap, Node.js, PHP, Laravel, Google Analytics, Cloudflare",,
,,,,,"WordPress, React, Angular, Vue.js, Next.js, Nuxt, jQuery, Bootstrap, Tailwind CSS, Node.js, PHP, Laravel, Google Analytics, Cloudflare, PayPal, Webpack, Vite",,
,,,,,"React, Angular, Vue.js, Next.js, jQuery, Bootstrap, Node.js, PHP, Laravel, Google Analytics, Cloudflare, TypeScript",,
,,,,,"React, Next.js, jQuery, Bootstrap, Node.js, PHP, Laravel, Google Analytics, Cloudflare, Vite",,
,,,,,"WordPress, React, jQuery, Bootstrap, PHP, Laravel, Google Analytics, Cloudflare, Stripe",,
,,,,,"WordPress, jQuery, PHP, Laravel, Google Analytics",,
,,,,,Cloudflare,,
,,,,,"React, jQuery, PHP, Google Analytics",,
,,,,,"React, Angular, Next.js, Node.js, Google Analytics, TypeScript",,
,,,,,"WordPress, jQuery, Bootstrap, PHP, Google Analytics",,
,,,,,"WordPress, React, Angular, Vue.js, Next.js, jQuery, Bootstrap, Tailwind CSS, Node.js, PHP, Laravel, Google Analytics, Cloudflare, TypeScript, Webpack",,
,,,,,"React, Angular, Vue.js, Next.js, Tailwind CSS, Google Analytics, TypeScript, Vite",,
,,,,,"React, Next.js, Node.js, Google Analytics, TypeScript",,
,,,,,"WordPress, React, Angular, Vue.js, jQuery, Bootstrap, Tailwind CSS, Node.js, PHP, Laravel, Google Analytics, Cloudflare, Stripe, PayPal, TypeScript",,
